0.545600000000,   0.16000,
0.545800000000,   0.16000,
0.546000000000,   0.24000,
0.546200000000,   0.16000,
0.546400000000,   0.16000,
0.546600000000,   0.16000,
0.546800000000,   0.16000,
0.547000000000,   0.16000,
0.547200000000,   0.24000,
0.547400000000,   0.16000,
0.547600000000,   0.24000,
0.547800000000,   0.16000,
0.548000000000,   0.24000,
0.548200000000,   0.16000,
0.548400000000,   0.16000,
0.548600000000,   0.16000,
0.548800000000,   0.16000,
0.549000000000,   0.16000,
0.549200000000,   0.16000,
0.549400000000,   0.16000,
0.549600000000,   0.16000,
0.549800000000,   0.16000,
0.550000000000,   0.16000,
0.550200000000,   0.16000,
0.550400000000,   0.16000,
0.550600000000,   0.16000,
0.550800000000,   0.16000,
0.551000000000,   0.16000,
0.551200000000,   0.16000,
0.551400000000,   0.16000,
0.551600000000,   0.16000,
0.551800000000,   0.16000,
0.552000000000,   0.16000,
0.552200000000,   0.16000,
0.552400000000,   0.16000,
0.552600000000,   0.16000,
0.552800000000,   0.16000,
0.553000000000,   0.16000,
0.553200000000,   0.16000,
0.553400000000,   0.16000,
0.553600000000,   0.16000,
0.553800000000,   0.16000,
0.554000000000,   0.16000,
0.554200000000,   0.16000,
0.554400000000,   0.16000,
0.554600000000,   0.16000,
0.554800000000,   0.16000,
0.555000000000,   0.16000,
0.555200000000,   0.16000,
0.555400000000,   0.16000,
0.555600000000,   0.16000,
0.555800000000,   0.16000,
0.556000000000,   0.16000,
0.556200000000,   0.16000,
0.556400000000,   0.16000,
0.556600000000,   0.16000,
0.556800000000,   0.16000,
0.557000000000,   0.16000,
0.557200000000,   0.16000,
0.557400000000,   0.08000,
0.557600000000,   0.08000,
0.557800000000,   0.16000,
0.558000000000,   0.16000,
0.558200000000,   0.16000,
0.558400000000,   0.16000,
0.558600000000,   0.16000,
0.558800000000,   0.16000,
0.559000000000,   0.16000,
0.559200000000,   0.16000,
0.559400000000,   0.16000,
0.559600000000,   0.16000,
0.559800000000,   0.16000,
0.560000000000,   0.16000,
0.560200000000,   0.16000,
0.560400000000,   0.08000,
0.560600000000,   0.16000,
0.560800000000,   0.16000,
0.561000000000,   0.16000,
0.561200000000,   0.08000,
0.561400000000,   0.16000,
0.561600000000,   0.16000,
0.561800000000,   0.16000,
0.562000000000,   0.16000,
0.562200000000,   0.16000,
0.562400000000,   0.16000,
0.562600000000,   0.08000,
0.562800000000,   0.16000,
0.563000000000,   0.16000,
0.563200000000,   0.16000,
0.563400000000,   0.08000,
0.563600000000,   0.16000,
0.563800000000,   0.16000,
0.564000000000,   0.16000,
0.564200000000,   0.08000,
0.564400000000,   0.08000,
0.564600000000,   0.16000,
0.564800000000,   0.08000,
0.565000000000,   0.16000,
0.565200000000,   0.08000,
0.565400000000,   0.08000,
0.565600000000,   0.16000,
0.565800000000,   0.16000,
0.566000000000,   0.16000,
0.566200000000,   0.08000,
0.566400000000,   0.16000,
0.566600000000,   0.08000,
0.566800000000,   0.16000,
0.567000000000,   0.08000,
0.567200000000,   0.16000,
0.567400000000,   0.16000,
0.567600000000,   0.16000,
0.567800000000,   0.16000,
0.568000000000,   0.08000,
0.568200000000,   0.16000,
0.568400000000,   0.16000,
0.568600000000,   0.16000,
0.568800000000,   0.16000,
0.569000000000,   0.08000,
0.569200000000,   0.16000,
0.569400000000,   0.16000,
0.569600000000,   0.08000,
0.569800000000,   0.08000,
0.570000000000,   0.08000,
0.570200000000,   0.08000,
0.570400000000,   0.16000,
0.570600000000,   0.16000,
0.570800000000,   0.08000,
0.571000000000,   0.16000,
0.571200000000,   0.08000,
0.571400000000,   0.16000,
0.571600000000,   0.16000,
0.571800000000,   0.16000,
0.572000000000,   0.16000,
0.572200000000,   0.16000,
0.572400000000,   0.08000,
0.572600000000,   0.16000,
0.572800000000,   0.08000,
0.573000000000,   0.08000,
0.573200000000,   0.08000,
0.573400000000,   0.16000,
0.573600000000,   0.08000,
0.573800000000,   0.08000,
0.574000000000,   0.16000,
0.574200000000,   0.08000,
0.574400000000,   0.08000,
0.574600000000,   0.08000,
0.574800000000,   0.16000,
0.575000000000,   0.08000,
0.575200000000,   0.16000,
0.575400000000,   0.08000,
0.575600000000,   0.08000,
0.575800000000,   0.08000,
0.576000000000,   0.08000,
0.576200000000,   0.08000,
0.576400000000,   0.08000,
0.576600000000,   0.08000,
0.576800000000,   0.08000,
0.577000000000,   0.08000,
0.577200000000,   0.08000,
0.577400000000,   0.08000,
0.577600000000,   0.16000,
0.577800000000,   0.16000,
0.578000000000,   0.16000,
0.578200000000,   0.16000,
0.578400000000,   0.16000,
0.578600000000,   0.08000,
0.578800000000,   0.08000,
0.579000000000,   0.08000,
0.579200000000,   0.08000,
0.579400000000,   0.16000,
0.579600000000,   0.08000,
0.579800000000,   0.08000,
0.580000000000,   0.08000,
0.580200000000,   0.16000,
0.580400000000,   0.08000,
0.580600000000,   0.08000,
0.580800000000,   0.08000,
0.581000000000,   0.16000,
0.581200000000,   0.08000,
0.581400000000,   0.16000,
0.581600000000,   0.08000,
0.581800000000,   0.08000,
0.582000000000,   0.08000,
0.582200000000,   0.08000,
0.582400000000,   0.08000,
0.582600000000,   0.16000,
0.582800000000,   0.16000,
0.583000000000,   0.08000,
0.583200000000,   0.08000,
0.583400000000,   0.08000,
0.583600000000,   0.08000,
0.583800000000,   0.16000,
0.584000000000,   0.08000,
0.584200000000,   0.16000,
0.584400000000,   0.08000,
0.584600000000,   0.16000,
0.584800000000,   0.08000,
0.585000000000,   0.08000,
0.585200000000,   0.08000,
0.585400000000,   0.08000,
0.585600000000,   0.08000,
0.585800000000,   0.08000,
0.586000000000,   0.08000,
0.586200000000,   0.08000,
0.586400000000,   0.16000,
0.586600000000,   0.08000,
0.586800000000,   0.08000,
0.587000000000,   0.16000,
0.587200000000,   0.08000,
0.587400000000,   0.08000,
0.587600000000,   0.08000,
0.587800000000,   0.08000,
0.588000000000,   0.08000,
0.588200000000,   0.08000,
0.588400000000,   0.08000,
0.588600000000,   0.08000,
0.588800000000,   0.00000,
0.589000000000,   0.08000,
0.589200000000,   0.16000,
0.589400000000,   0.16000,
0.589600000000,   0.16000,
0.589800000000,   0.08000,
0.590000000000,   0.08000,
0.590200000000,   0.08000,
0.590400000000,   0.08000,
0.590600000000,   0.08000,
0.590800000000,   0.08000,
0.591000000000,   0.08000,
0.591200000000,   0.08000,
0.591400000000,   0.08000,
0.591600000000,   0.08000,
0.591800000000,   0.08000,
0.592000000000,   0.08000,
0.592200000000,   0.08000,
0.592400000000,   0.08000,
0.592600000000,   0.08000,
0.592800000000,   0.16000,
0.593000000000,   0.08000,
0.593200000000,   0.08000,
0.593400000000,   0.16000,
0.593600000000,   0.08000,
0.593800000000,   0.00000,
0.594000000000,   0.08000,
0.594200000000,   0.08000,
0.594400000000,   0.16000,
0.594600000000,   0.08000,
0.594800000000,   0.16000,
0.595000000000,   0.08000,
0.595200000000,   0.08000,
0.595400000000,   0.08000,
0.595600000000,   0.08000,
0.595800000000,   0.08000,
0.596000000000,   0.08000,
0.596200000000,   0.08000,
0.596400000000,   0.16000,
0.596600000000,   0.08000,
0.596800000000,   0.08000,
0.597000000000,   0.08000,
0.597200000000,   0.08000,
0.597400000000,   0.00000,
0.597600000000,   0.08000,
0.597800000000,   0.08000,
0.598000000000,   0.08000,
0.598200000000,   0.08000,
0.598400000000,   0.08000,
0.598600000000,   0.08000,
0.598800000000,   0.08000,
0.599000000000,   0.16000,
0.599200000000,   0.16000,
0.599400000000,   0.16000,
0.599600000000,   0.08000,
0.599800000000,   0.08000,
0.600000000000,   0.08000,
0.600200000000,   0.16000,
0.600400000000,   0.08000,
0.600600000000,   0.08000,
0.600800000000,   0.08000,
0.601000000000,   0.08000,
0.601200000000,   0.08000,
0.601400000000,   0.16000,
0.601600000000,   0.08000,
0.601800000000,   0.16000,
0.602000000000,   0.08000,
0.602200000000,   0.08000,
0.602400000000,   0.08000,
0.602600000000,   0.08000,
0.602800000000,   0.16000,
0.603000000000,   0.16000,
0.603200000000,   0.16000,
0.603400000000,   0.08000,
0.603600000000,   0.08000,
0.603800000000,   0.08000,
0.604000000000,   0.08000,
0.604200000000,   0.08000,
0.604400000000,   0.16000,
0.604600000000,   0.16000,
0.604800000000,   0.08000,
0.605000000000,   0.08000,
0.605200000000,   0.16000,
0.605400000000,   0.16000,
0.605600000000,   0.16000,
0.605800000000,   0.08000,
0.606000000000,   0.08000,
0.606200000000,   0.16000,
0.606400000000,   0.08000,
0.606600000000,   0.16000,
0.606800000000,   0.08000,
0.607000000000,   0.08000,
0.607200000000,   0.16000,
0.607400000000,   0.08000,
0.607600000000,   0.08000,
0.607800000000,   0.16000,
0.608000000000,   0.16000,
0.608200000000,   0.16000,
0.608400000000,   0.08000,
0.608600000000,   0.16000,
0.608800000000,   0.08000,
0.609000000000,   0.08000,
0.609200000000,   0.16000,
0.609400000000,   0.08000,
0.609600000000,   0.08000,
0.609800000000,   0.16000,
0.610000000000,   0.16000,
0.610200000000,   0.08000,
0.610400000000,   0.08000,
0.610600000000,   0.16000,
0.610800000000,   0.08000,
0.611000000000,   0.08000,
0.611200000000,   0.08000,
0.611400000000,   0.16000,
0.611600000000,   0.08000,
0.611800000000,   0.16000,
0.612000000000,   0.16000,
0.612200000000,   0.08000,
0.612400000000,   0.08000,
0.612600000000,   0.16000,
0.612800000000,   0.08000,
0.613000000000,   0.08000,
0.613200000000,   0.08000,
0.613400000000,   0.00000,
0.613600000000,   0.08000,
0.613800000000,   0.08000,
0.614000000000,   0.08000,
0.614200000000,   0.08000,
0.614400000000,   0.08000,
0.614600000000,   0.16000,
0.614800000000,   0.08000,
0.615000000000,   0.08000,
0.615200000000,   0.08000,
0.615400000000,   0.08000,
0.615600000000,   0.16000,
0.615800000000,   0.08000,
0.616000000000,   0.08000,
0.616200000000,   0.08000,
0.616400000000,   0.16000,
0.616600000000,   0.08000,
0.616800000000,   0.08000,
0.617000000000,   0.08000,
0.617200000000,   0.08000,
0.617400000000,   0.08000,
0.617600000000,   0.08000,
0.617800000000,   0.08000,
0.618000000000,   0.08000,
0.618200000000,   0.08000,
0.618400000000,   0.08000,
0.618600000000,   0.08000,
0.618800000000,   0.08000,
0.619000000000,   0.08000,
0.619200000000,   0.08000,
0.619400000000,   0.08000,
0.619600000000,   0.08000,
0.619800000000,   0.08000,
0.620000000000,   0.08000,
0.620200000000,   0.08000,
0.620400000000,   0.08000,
0.620600000000,   0.08000,
0.620800000000,   0.08000,
0.621000000000,   0.08000,
0.621200000000,   0.08000,
0.621400000000,   0.08000,
0.621600000000,   0.16000,
0.621800000000,   0.08000,
0.622000000000,   0.08000,
0.622200000000,   0.08000,
0.622400000000,   0.08000,
0.622600000000,   0.16000,
0.622800000000,   0.08000,
0.623000000000,   0.16000,
0.623200000000,   0.08000,
0.623400000000,   0.08000,
0.623600000000,   0.08000,
0.623800000000,   0.08000,
0.624000000000,   0.08000,
0.624200000000,   0.08000,
0.624400000000,   0.08000,
0.624600000000,   0.08000,
0.624800000000,   0.08000,
0.625000000000,   0.08000,
0.625200000000,   0.08000,
0.625400000000,   0.08000,
0.625600000000,   0.16000,
0.625800000000,   0.08000,
0.626000000000,   0.08000,
0.626200000000,   0.08000,
0.626400000000,   0.16000,
0.626600000000,   0.08000,
0.626800000000,   0.08000,
0.627000000000,   0.00000,
0.627200000000,   0.08000,
0.627400000000,   0.08000,
0.627600000000,   0.08000,
0.627800000000,   0.16000,
0.628000000000,   0.08000,
0.628200000000,   0.08000,
0.628400000000,   0.08000,
0.628600000000,   0.16000,
0.628800000000,   0.08000,
0.629000000000,   0.16000,
0.629200000000,   0.08000,
0.629400000000,   0.08000,
0.629600000000,   0.08000,
0.629800000000,   0.08000,
0.630000000000,   0.08000,
0.630200000000,   0.08000,
0.630400000000,   0.08000,
0.630600000000,   0.16000,
0.630800000000,   0.16000,
0.631000000000,   0.16000,
0.631200000000,   0.00000,
0.631400000000,   0.08000,
0.631600000000,   0.16000,
0.631800000000,   0.08000,
0.632000000000,   0.08000,
0.632200000000,   0.16000,
0.632400000000,   0.08000,
0.632600000000,   0.16000,
0.632800000000,   0.00000,
0.633000000000,   0.08000,
0.633200000000,   0.08000,
0.633400000000,   0.16000,
0.633600000000,   0.08000,
0.633800000000,   0.08000,
0.634000000000,   0.08000,
0.634200000000,   0.16000,
0.634400000000,   0.08000,
0.634600000000,   0.08000,
0.634800000000,   0.08000,
0.635000000000,   0.08000,
0.635200000000,   0.16000,
0.635400000000,   0.08000,
0.635600000000,   0.08000,
0.635800000000,   0.08000,
0.636000000000,   0.08000,
0.636200000000,   0.16000,
0.636400000000,   0.16000,
0.636600000000,   0.08000,
0.636800000000,   0.08000,
0.637000000000,   0.08000,
0.637200000000,   0.16000,
0.637400000000,   0.08000,
0.637600000000,   0.16000,
0.637800000000,   0.16000,
0.638000000000,   0.08000,
0.638200000000,   0.16000,
0.638400000000,   0.08000,
0.638600000000,   0.16000,
0.638800000000,   0.08000,
0.639000000000,   0.08000,
0.639200000000,   0.16000,
0.639400000000,   0.08000,
0.639600000000,   0.16000,
0.639800000000,   0.08000,
0.640000000000,   0.08000,
0.640200000000,   0.08000,
0.640400000000,   0.16000,
0.640600000000,   0.08000,
0.640800000000,   0.08000,
0.641000000000,   0.08000,
0.641200000000,   0.16000,
0.641400000000,   0.08000,
0.641600000000,   0.08000,
0.641800000000,   0.16000,
0.642000000000,   0.08000,
0.642200000000,   0.08000,
0.642400000000,   0.08000,
0.642600000000,   0.08000,
0.642800000000,   0.08000,
0.643000000000,   0.16000,
0.643200000000,   0.08000,
0.643400000000,   0.08000,
0.643600000000,   0.08000,
0.643800000000,   0.08000,
0.644000000000,   0.16000,
0.644200000000,   0.08000,
0.644400000000,   0.08000,
0.644600000000,   0.08000,
0.644800000000,   0.16000,
0.645000000000,   0.08000,
0.645200000000,   0.08000,
0.645400000000,   0.16000,
0.645600000000,   0.08000,
0.645800000000,   0.08000,
0.646000000000,   0.08000,
0.646200000000,   0.16000,
0.646400000000,   0.08000,
0.646600000000,   0.08000,
0.646800000000,   0.08000,
0.647000000000,   0.08000,
0.647200000000,   0.08000,
0.647400000000,   0.08000,
0.647600000000,   0.08000,
0.647800000000,   0.16000,
0.648000000000,   0.16000,
0.648200000000,   0.08000,
0.648400000000,   0.08000,
0.648600000000,   0.08000,
0.648800000000,   0.08000,
0.649000000000,   0.08000,
0.649200000000,   0.08000,
0.649400000000,   0.08000,
0.649600000000,   0.08000,
0.649800000000,   0.08000,
0.650000000000,   0.08000,
0.650200000000,   0.08000,
0.650400000000,   0.16000,
0.650600000000,   0.08000,
0.650800000000,   0.16000,
0.651000000000,   0.08000,
0.651200000000,   0.08000,
0.651400000000,   0.08000,
0.651600000000,   0.16000,
0.651800000000,   0.08000,
0.652000000000,   0.08000,
0.652200000000,   0.08000,
0.652400000000,   0.08000,
0.652600000000,   0.16000,
0.652800000000,   0.08000,
0.653000000000,   0.08000,
0.653200000000,   0.08000,
0.653400000000,   0.16000,
0.653600000000,   0.08000,
0.653800000000,   0.16000,
0.654000000000,   0.08000,
0.654200000000,   0.16000,
0.654400000000,   0.16000,
0.654600000000,   0.08000,
0.654800000000,   0.08000,
0.655000000000,   0.16000,
0.655200000000,   0.08000,
0.655400000000,   0.08000,
0.655600000000,   0.08000,
0.655800000000,   0.16000,
0.656000000000,   0.08000,
0.656200000000,   0.16000,
0.656400000000,   0.16000,
0.656600000000,   0.08000,
0.656800000000,   0.16000,
0.657000000000,   0.08000,
0.657200000000,   0.08000,
0.657400000000,   0.08000,
0.657600000000,   0.08000,
0.657800000000,   0.08000,
0.658000000000,   0.16000,
0.658200000000,   0.16000,
0.658400000000,   0.08000,
0.658600000000,   0.16000,
0.658800000000,   0.16000,
0.659000000000,   0.16000,
0.659200000000,   0.16000,
0.659400000000,   0.16000,
0.659600000000,   0.08000,
0.659800000000,   0.08000,
0.660000000000,   0.16000,
0.660200000000,   0.16000,
0.660400000000,   0.08000,
0.660600000000,   0.16000,
0.660800000000,   0.16000,
0.661000000000,   0.16000,
0.661200000000,   0.08000,
0.661400000000,   0.16000,
0.661600000000,   0.16000,
0.661800000000,   0.08000,
0.662000000000,   0.16000,
0.662200000000,   0.16000,
0.662400000000,   0.16000,
0.662600000000,   0.16000,
0.662800000000,   0.16000,
0.663000000000,   0.08000,
0.663200000000,   0.08000,
0.663400000000,   0.08000,
0.663600000000,   0.16000,
0.663800000000,   0.16000,
0.664000000000,   0.08000,
0.664200000000,   0.08000,
0.664400000000,   0.16000,
0.664600000000,   0.16000,
0.664800000000,   0.16000,
0.665000000000,   0.16000,
0.665200000000,   0.16000,
0.665400000000,   0.16000,
0.665600000000,   0.16000,
0.665800000000,   0.08000,
0.666000000000,   0.16000,
0.666200000000,   0.16000,
0.666400000000,   0.16000,
0.666600000000,   0.16000,
0.666800000000,   0.16000,
0.667000000000,   0.16000,
0.667200000000,   0.16000,
0.667400000000,   0.16000,
0.667600000000,   0.16000,
0.667800000000,   0.16000,
0.668000000000,   0.16000,
0.668200000000,   0.16000,
0.668400000000,   0.16000,
0.668600000000,   0.16000,
0.668800000000,   0.16000,
0.669000000000,   0.16000,
0.669200000000,   0.16000,
0.669400000000,   0.16000,
0.669600000000,   0.16000,
0.669800000000,   0.16000,
0.670000000000,   0.16000,
0.670200000000,   0.16000,
0.670400000000,   0.16000,
0.670600000000,   0.24000,
0.670800000000,   0.16000,
0.671000000000,   0.16000,
0.671200000000,   0.16000,
0.671400000000,   0.16000,
0.671600000000,   0.16000,
0.671800000000,   0.16000,
0.672000000000,   0.16000,
0.672200000000,   0.16000,
0.672400000000,   0.16000,
0.672600000000,   0.16000,
0.672800000000,   0.16000,
0.673000000000,   0.16000,
0.673200000000,   0.16000,
0.673400000000,   0.16000,
0.673600000000,   0.16000,
0.673800000000,   0.16000,
0.674000000000,   0.16000,
0.674200000000,   0.16000,
0.674400000000,   0.16000,
0.674600000000,   0.16000,
0.674800000000,   0.16000,
0.675000000000,   0.16000,
0.675200000000,   0.16000,
0.675400000000,   0.16000,
0.675600000000,   0.16000,
0.675800000000,   0.16000,
0.676000000000,   0.16000,
0.676200000000,   0.16000,
0.676400000000,   0.16000,
0.676600000000,   0.16000,
0.676800000000,   0.16000,
0.677000000000,   0.16000,
0.677200000000,   0.16000,
0.677400000000,   0.16000,
0.677600000000,   0.16000,
0.677800000000,   0.16000,
0.678000000000,   0.16000,
0.678200000000,   0.16000,
0.678400000000,   0.16000,
0.678600000000,   0.16000,
0.678800000000,   0.24000,
0.679000000000,   0.16000,
0.679200000000,   0.16000,
0.679400000000,   0.16000,
0.679600000000,   0.16000,
0.679800000000,   0.16000,
0.680000000000,   0.24000,
0.680200000000,   0.16000,
0.680400000000,   0.24000,
0.680600000000,   0.24000,
0.680800000000,   0.24000,
0.681000000000,   0.24000,
0.681200000000,   0.16000,
0.681400000000,   0.24000,
0.681600000000,   0.24000,
0.681800000000,   0.24000,
0.682000000000,   0.16000,
0.682200000000,   0.16000,
0.682400000000,   0.24000,
0.682600000000,   0.16000,
0.682800000000,   0.24000,
0.683000000000,   0.16000,
0.683200000000,   0.24000,
0.683400000000,   0.24000,
0.683600000000,   0.24000,
0.683800000000,   0.24000,
0.684000000000,   0.24000,
0.684200000000,   0.24000,
0.684400000000,   0.24000,
0.684600000000,   0.24000,
0.684800000000,   0.24000,
0.685000000000,   0.24000,
0.685200000000,   0.24000,
0.685400000000,   0.24000,
0.685600000000,   0.24000,
0.685800000000,   0.24000,
0.686000000000,   0.24000,
0.686200000000,   0.24000,
0.686400000000,   0.24000,
0.686600000000,   0.32000,
0.686800000000,   0.32000,
0.687000000000,   0.24000,
0.687200000000,   0.24000,
0.687400000000,   0.32000,
0.687600000000,   0.24000,
0.687800000000,   0.24000,
0.688000000000,   0.24000,
0.688200000000,   0.32000,
0.688400000000,   0.24000,
0.688600000000,   0.24000,
0.688800000000,   0.24000,
0.689000000000,   0.32000,
0.689200000000,   0.32000,
0.689400000000,   0.24000,
0.689600000000,   0.32000,
0.689800000000,   0.24000,
0.690000000000,   0.32000,
0.690200000000,   0.24000,
0.690400000000,   0.32000,
0.690600000000,   0.32000,
0.690800000000,   0.24000,
0.691000000000,   0.32000,
0.691200000000,   0.32000,
0.691400000000,   0.32000,
0.691600000000,   0.32000,
0.691800000000,   0.32000,
0.692000000000,   0.24000,
0.692200000000,   0.32000,
0.692400000000,   0.32000,
0.692600000000,   0.32000,
0.692800000000,   0.32000,
0.693000000000,   0.40000,
0.693200000000,   0.32000,
0.693400000000,   0.32000,
0.693600000000,   0.32000,
0.693800000000,   0.40000,
0.694000000000,   0.32000,
0.694200000000,   0.40000,
0.694400000000,   0.32000,
0.694600000000,   0.40000,
0.694800000000,   0.40000,
0.695000000000,   0.40000,
0.695200000000,   0.40000,
0.695400000000,   0.32000,
0.695600000000,   0.40000,
0.695800000000,   0.40000,
0.696000000000,   0.40000,
0.696200000000,   0.40000,
0.696400000000,   0.40000,
0.696600000000,   0.40000,
0.696800000000,   0.40000,
0.697000000000,   0.40000,
0.697200000000,   0.40000,
0.697400000000,   0.40000,
0.697600000000,   0.40000,
0.697800000000,   0.48000,
0.698000000000,   0.40000,
0.698200000000,   0.40000,
0.698400000000,   0.48000,
0.698600000000,   0.48000,
0.698800000000,   0.48000,
0.699000000000,   0.40000,
0.699200000000,   0.48000,
0.699400000000,   0.48000,
0.699600000000,   0.48000,
0.699800000000,   0.48000,
0.700000000000,   0.48000,
0.700200000000,   0.56000,
0.700400000000,   0.56000,
0.700600000000,   0.56000,
0.700800000000,   0.56000,
0.701000000000,   0.56000,
0.701200000000,   0.56000,
0.701400000000,   0.56000,
0.701600000000,   0.56000,
0.701800000000,   0.64000,
0.702000000000,   0.64000,
0.702200000000,   0.64000,
0.702400000000,   0.56000,
0.702600000000,   0.56000,
0.702800000000,   0.64000,
0.703000000000,   0.64000,
0.703200000000,   0.56000,
0.703400000000,   0.64000,
0.703600000000,   0.64000,
0.703800000000,   0.64000,
0.704000000000,   0.72000,
0.704200000000,   0.72000,
0.704400000000,   0.72000,
0.704600000000,   0.72000,
0.704800000000,   0.72000,
0.705000000000,   0.64000,
0.705200000000,   0.64000,
0.705400000000,   0.72000,
0.705600000000,   0.80000,
0.705800000000,   0.88000,
0.706000000000,   0.88000,
0.706200000000,   0.88000,
0.706400000000,   0.88000,
0.706600000000,   0.88000,
0.706800000000,   0.88000,
0.707000000000,   0.88000,
0.707200000000,   0.88000,
0.707400000000,   0.88000,
0.707600000000,   0.88000,
0.707800000000,   0.96000,
0.708000000000,   0.96000,
0.708200000000,   0.96000,
0.708400000000,   0.96000,
0.708600000000,   1.04000,
0.708800000000,   1.04000,
0.709000000000,   1.04000,
0.709200000000,   1.12000,
0.709400000000,   1.12000,
0.709600000000,   1.20000,
0.709800000000,   1.12000,
0.710000000000,   1.20000,
0.710200000000,   1.12000,
0.710400000000,   1.20000,
0.710600000000,   1.20000,
0.710800000000,   1.20000,
0.711000000000,   1.28000,
0.711200000000,   1.28000,
0.711400000000,   1.36000,
0.711600000000,   1.36000,
0.711800000000,   1.36000,
0.712000000000,   1.44000,
0.712200000000,   1.52000,
0.712400000000,   1.52000,
0.712600000000,   1.68000,
0.712800000000,   1.60000,
0.713000000000,   1.60000,
0.713200000000,   1.60000,
0.713400000000,   1.60000,
0.713600000000,   1.60000,
0.713800000000,   1.60000,
0.714000000000,   1.68000,
0.714200000000,   1.76000,
0.714400000000,   1.84000,
0.714600000000,   1.92000,
0.714800000000,   2.00000,
0.715000000000,   2.08000,
0.715200000000,   2.00000,
0.715400000000,   2.08000,
0.715600000000,   2.08000,
0.715800000000,   2.16000,
0.716000000000,   2.16000,
0.716200000000,   2.24000,
0.716400000000,   2.32000,
0.716600000000,   2.48000,
0.716800000000,   2.48000,
0.717000000000,   2.48000,
0.717200000000,   2.56000,
0.717400000000,   2.56000,
0.717600000000,   2.64000,
0.717800000000,   2.72000,
0.718000000000,   2.80000,
0.718200000000,   3.04000,
0.718400000000,   3.04000,
0.718600000000,   3.04000,
0.718800000000,   3.12000,
0.719000000000,   3.12000,
0.719200000000,   3.04000,
0.719400000000,   3.12000,
0.719600000000,   3.20000,
0.719800000000,   3.36000,
0.720000000000,   3.44000,
0.720200000000,   3.60000,
0.720400000000,   3.76000,
0.720600000000,   3.84000,
0.720800000000,   3.84000,
0.721000000000,   3.92000,
0.721200000000,   3.92000,
0.721400000000,   3.92000,
0.721600000000,   3.92000,
0.721800000000,   4.00000,
0.722000000000,   4.16000,
0.722200000000,   4.32000,
0.722400000000,   4.32000,
0.722600000000,   4.40000,
0.722800000000,   4.40000,
0.723000000000,   4.40000,
0.723200000000,   4.48000,
0.723400000000,   4.64000,
0.723600000000,   4.72000,
0.723800000000,   4.88000,
0.724000000000,   4.96000,
0.724200000000,   5.04000,
0.724400000000,   5.04000,
0.724600000000,   5.04000,
0.724800000000,   4.96000,
0.725000000000,   4.96000,
0.725200000000,   4.96000,
0.725400000000,   5.04000,
0.725600000000,   5.12000,
0.725800000000,   5.28000,
0.726000000000,   5.36000,
0.726200000000,   5.44000,
0.726400000000,   5.60000,
0.726600000000,   5.60000,
0.726800000000,   5.76000,
0.727000000000,   5.68000,
0.727200000000,   5.68000,
0.727400000000,   5.68000,
0.727600000000,   5.60000,
0.727800000000,   5.76000,
0.728000000000,   5.84000,
0.728200000000,   5.84000,
0.728400000000,   5.84000,
0.728600000000,   5.84000,
0.728800000000,   5.92000,
0.729000000000,   5.84000,
0.729200000000,   5.84000,
0.729400000000,   5.84000,
0.729600000000,   5.92000,
0.729800000000,   5.84000,
0.730000000000,   5.84000,
0.730200000000,   5.92000,
0.730400000000,   5.84000,
0.730600000000,   5.76000,
0.730800000000,   5.68000,
0.731000000000,   5.60000,
0.731200000000,   5.52000,
0.731400000000,   5.44000,
0.731600000000,   5.44000,
0.731800000000,   5.44000,
0.732000000000,   5.44000,
0.732200000000,   5.36000,
0.732400000000,   5.36000,
0.732600000000,   5.44000,
0.732800000000,   5.20000,
0.733000000000,   5.04000,
0.733200000000,   4.88000,
0.733400000000,   4.80000,
0.733600000000,   4.72000,
0.733800000000,   4.72000,
0.734000000000,   4.72000,
0.734200000000,   4.80000,
0.734400000000,   4.72000,
0.734600000000,   4.56000,
0.734800000000,   4.40000,
0.735000000000,   4.16000,
0.735200000000,   3.92000,
0.735400000000,   3.76000,
0.735600000000,   3.68000,
0.735800000000,   3.68000,
0.736000000000,   3.68000,
0.736200000000,   3.68000,
0.736400000000,   3.68000,
0.736600000000,   3.76000,
0.736800000000,   3.68000,
0.737000000000,   3.52000,
0.737200000000,   3.36000,
0.737400000000,   3.28000,
0.737600000000,   3.04000,
0.737800000000,   2.80000,
0.738000000000,   2.56000,
0.738200000000,   2.48000,
0.738400000000,   2.40000,
0.738600000000,   2.40000,
0.738800000000,   2.48000,
0.739000000000,   2.48000,
0.739200000000,   2.56000,
0.739400000000,   2.48000,
0.739600000000,   2.40000,
0.739800000000,   2.16000,
0.740000000000,   2.08000,
0.740200000000,   1.92000,
0.740400000000,   1.84000,
0.740600000000,   1.76000,
0.740800000000,   1.68000,
0.741000000000,   1.68000,
0.741200000000,   1.68000,
0.741400000000,   1.68000,
0.741600000000,   1.68000,
0.741800000000,   1.60000,
0.742000000000,   1.52000,
0.742200000000,   1.44000,
0.742400000000,   1.44000,
0.742600000000,   1.36000,
0.742800000000,   1.28000,
0.743000000000,   1.28000,
0.743200000000,   1.20000,
0.743400000000,   1.20000,
0.743600000000,   1.20000,
0.743800000000,   1.12000,
0.744000000000,   1.04000,
0.744200000000,   0.96000,
0.744400000000,   0.96000,
0.744600000000,   0.88000,
0.744800000000,   0.96000,
0.745000000000,   0.96000,
0.745200000000,   0.96000,
0.745400000000,   0.96000,
0.745600000000,   0.88000,
0.745800000000,   0.80000,
0.746000000000,   0.72000,
0.746200000000,   0.72000,
0.746400000000,   0.64000,
0.746600000000,   0.64000,
0.746800000000,   0.64000,
0.747000000000,   0.64000,
0.747200000000,   0.72000,
0.747400000000,   0.72000,
0.747600000000,   0.72000,
0.747800000000,   0.64000,
0.748000000000,   0.72000,
0.748200000000,   0.64000,
0.748400000000,   0.64000,
0.748600000000,   0.56000,
0.748800000000,   0.64000,
0.749000000000,   0.64000,
0.749200000000,   0.56000,
0.749400000000,   0.64000,
0.749600000000,   0.64000,
0.749800000000,   0.64000,
0.750000000000,   0.56000,
0.750200000000,   0.64000,
0.750400000000,   0.56000,
0.750600000000,   0.56000,
0.750800000000,   0.56000,
0.751000000000,   0.56000,
0.751200000000,   0.56000,
0.751400000000,   0.56000,
0.751600000000,   0.56000,
0.751800000000,   0.56000,
0.752000000000,   0.56000,
0.752200000000,   0.56000,
0.752400000000,   0.48000,
0.752600000000,   0.56000,
0.752800000000,   0.48000,
0.753000000000,   0.56000,
0.753200000000,   0.48000,
0.753400000000,   0.48000,
0.753600000000,   0.40000,
0.753800000000,   0.48000,
0.754000000000,   0.56000,
0.754200000000,   0.48000,
0.754400000000,   0.48000,
0.754600000000,   0.40000,
0.754800000000,   0.48000,
0.755000000000,   0.40000,
0.755200000000,   0.40000,
0.755400000000,   0.40000,
0.755600000000,   0.40000,
0.755800000000,   0.40000,
0.756000000000,   0.40000,
0.756200000000,   0.40000,
0.756400000000,   0.40000,
0.756600000000,   0.40000,
0.756800000000,   0.40000,
0.757000000000,   0.40000,
0.757200000000,   0.40000,
0.757400000000,   0.40000,
0.757600000000,   0.32000,
0.757800000000,   0.32000,
0.758000000000,   0.40000,
0.758200000000,   0.32000,
0.758400000000,   0.40000,
0.758600000000,   0.40000,
0.758800000000,   0.40000,
0.759000000000,   0.40000,
0.759200000000,   0.32000,
0.759400000000,   0.32000,
0.759600000000,   0.32000,
0.759800000000,   0.32000,
0.760000000000,   0.32000,
0.760200000000,   0.32000,
0.760400000000,   0.32000,
0.760600000000,   0.32000,
0.760800000000,   0.32000,
0.761000000000,   0.32000,
0.761200000000,   0.32000,
0.761400000000,   0.24000,
0.761600000000,   0.32000,
0.761800000000,   0.24000,
0.762000000000,   0.24000,
0.762200000000,   0.32000,
0.762400000000,   0.24000,
0.762600000000,   0.32000,
0.762800000000,   0.24000,
0.763000000000,   0.32000,
0.763200000000,   0.24000,
0.763400000000,   0.32000,
0.763600000000,   0.24000,
0.763800000000,   0.24000,
0.764000000000,   0.24000,
0.764200000000,   0.24000,
0.764400000000,   0.32000,
0.764600000000,   0.24000,
0.764800000000,   0.24000,
0.765000000000,   0.32000,
0.765200000000,   0.24000,
0.765400000000,   0.16000,
0.765600000000,   0.24000,
0.765800000000,   0.24000,
0.766000000000,   0.24000,
0.766200000000,   0.16000,
0.766400000000,   0.24000,
0.766600000000,   0.24000,
0.766800000000,   0.24000,
0.767000000000,   0.24000,
0.767200000000,   0.24000,
0.767400000000,   0.16000,
0.767600000000,   0.16000,
0.767800000000,   0.24000,
0.768000000000,   0.24000,
0.768200000000,   0.16000,
0.768400000000,   0.24000,
0.768600000000,   0.24000,
0.768800000000,   0.24000,
0.769000000000,   0.24000,
0.769200000000,   0.24000,
0.769400000000,   0.24000,
0.769600000000,   0.24000,
0.769800000000,   0.16000,
0.770000000000,   0.16000,
0.770200000000,   0.16000,
0.770400000000,   0.16000,
0.770600000000,   0.16000,
0.770800000000,   0.24000,
0.771000000000,   0.24000,
0.771200000000,   0.16000,
0.771400000000,   0.16000,
0.771600000000,   0.16000,
0.771800000000,   0.16000,
0.772000000000,   0.16000,
0.772200000000,   0.16000,
0.772400000000,   0.16000,
0.772600000000,   0.16000,
0.772800000000,   0.16000,
0.773000000000,   0.16000,
0.773200000000,   0.16000,
0.773400000000,   0.16000,
0.773600000000,   0.16000,
0.773800000000,   0.16000,
0.774000000000,   0.16000,
0.774200000000,   0.16000,
0.774400000000,   0.16000,
0.774600000000,   0.16000,
0.774800000000,   0.16000,
0.775000000000,   0.16000,
0.775200000000,   0.16000,
0.775400000000,   0.16000,
0.775600000000,   0.24000,
0.775800000000,   0.16000,
0.776000000000,   0.16000,
0.776200000000,   0.16000,
0.776400000000,   0.16000,
0.776600000000,   0.16000,
0.776800000000,   0.16000,
0.777000000000,   0.16000,
0.777200000000,   0.16000,
0.777400000000,   0.16000,
0.777600000000,   0.16000,
0.777800000000,   0.16000,
0.778000000000,   0.16000,
0.778200000000,   0.16000,
0.778400000000,   0.16000,
0.778600000000,   0.16000,
0.778800000000,   0.16000,
0.779000000000,   0.24000,
0.779200000000,   0.16000,
0.779400000000,   0.16000,
0.779600000000,   0.16000,
0.779800000000,   0.08000,
0.780000000000,   0.16000,
0.780200000000,   0.16000,
0.780400000000,   0.16000,
0.780600000000,   0.16000,
0.780800000000,   0.16000,
0.781000000000,   0.16000,
0.781200000000,   0.16000,
0.781400000000,   0.16000,
0.781600000000,   0.16000,
0.781800000000,   0.16000,
0.782000000000,   0.16000,
0.782200000000,   0.16000,
0.782400000000,   0.16000,
0.782600000000,   0.16000,
0.782800000000,   0.16000,
0.783000000000,   0.16000,
0.783200000000,   0.16000,
0.783400000000,   0.16000,
0.783600000000,   0.16000,
0.783800000000,   0.16000,
0.784000000000,   0.16000,
0.784200000000,   0.16000,
0.784400000000,   0.16000,
0.784600000000,   0.16000,
0.784800000000,   0.16000,
0.785000000000,   0.16000,
0.785200000000,   0.16000,
0.785400000000,   0.16000,
0.785600000000,   0.16000,
0.785800000000,   0.16000,
0.786000000000,   0.16000,
0.786200000000,   0.16000,
0.786400000000,   0.16000,
0.786600000000,   0.16000,
0.786800000000,   0.16000,
0.787000000000,   0.08000,
0.787200000000,   0.16000,
0.787400000000,   0.16000,
0.787600000000,   0.16000,
0.787800000000,   0.16000,
0.788000000000,   0.08000,
0.788200000000,   0.16000,
0.788400000000,   0.16000,
0.788600000000,   0.08000,
0.788800000000,   0.16000,
0.789000000000,   0.16000,
0.789200000000,   0.08000,
0.789400000000,   0.16000,
0.789600000000,   0.16000,
0.789800000000,   0.16000,
0.790000000000,   0.16000,
0.790200000000,   0.16000,
0.790400000000,   0.16000,
0.790600000000,   0.16000,
0.790800000000,   0.16000,
0.791000000000,   0.16000,
0.791200000000,   0.16000,
0.791400000000,   0.16000,
0.791600000000,   0.16000,
0.791800000000,   0.16000,
0.792000000000,   0.16000,
0.792200000000,   0.16000,
0.792400000000,   0.16000,
0.792600000000,   0.16000,
0.792800000000,   0.16000,
0.793000000000,   0.16000,
0.793200000000,   0.16000,
0.793400000000,   0.16000,
0.793600000000,   0.16000,
0.793800000000,   0.16000,
0.794000000000,   0.16000,
0.794200000000,   0.16000,
0.794400000000,   0.16000,
0.794600000000,   0.16000,
0.794800000000,   0.16000,
0.795000000000,   0.16000,
0.795200000000,   0.16000,
0.795400000000,   0.16000,
0.795600000000,   0.16000,
0.795800000000,   0.16000,
0.796000000000,   0.16000,
0.796200000000,   0.16000,
0.796400000000,   0.16000,
0.796600000000,   0.16000,
0.796800000000,   0.16000,
0.797000000000,   0.16000,
0.797200000000,   0.16000,
0.797400000000,   0.16000,
0.797600000000,   0.16000,
0.797800000000,   0.16000,
0.798000000000,   0.16000,
0.798200000000,   0.16000,
0.798400000000,   0.16000,
0.798600000000,   0.16000,
0.798800000000,   0.16000,
0.799000000000,   0.16000,
0.799200000000,   0.16000,
0.799400000000,   0.16000,
0.799600000000,   0.16000,
0.799800000000,   0.16000,
0.800000000000,   0.16000,
0.800200000000,   0.16000,
0.800400000000,   0.16000,
0.800600000000,   0.16000,
0.800800000000,   0.16000,
0.801000000000,   0.24000,
0.801200000000,   0.24000,
0.801400000000,   0.16000,
0.801600000000,   0.24000,
0.801800000000,   0.24000,
0.802000000000,   0.24000,
0.802200000000,   0.24000,
0.802400000000,   0.24000,
0.802600000000,   0.16000,
0.802800000000,   0.24000,
0.803000000000,   0.16000,
0.803200000000,   0.24000,
0.803400000000,   0.24000,
0.803600000000,   0.16000,
0.803800000000,   0.24000,
0.804000000000,   0.24000,
0.804200000000,   0.24000,
0.804400000000,   0.24000,
0.804600000000,   0.24000,
0.804800000000,   0.24000,
0.805000000000,   0.24000,
0.805200000000,   0.24000,
0.805400000000,   0.24000,
0.805600000000,   0.24000,
0.805800000000,   0.24000,
0.806000000000,   0.24000,
0.806200000000,   0.24000,
0.806400000000,   0.24000,
0.806600000000,   0.24000,
0.806800000000,   0.24000,
0.807000000000,   0.24000,
0.807200000000,   0.24000,
0.807400000000,   0.24000,
0.807600000000,   0.32000,
0.807800000000,   0.24000,
0.808000000000,   0.24000,
0.808200000000,   0.24000,
0.808400000000,   0.24000,
0.808600000000,   0.32000,
0.808800000000,   0.24000,
0.809000000000,   0.24000,
0.809200000000,   0.32000,
0.809400000000,   0.32000,
0.809600000000,   0.24000,
0.809800000000,   0.24000,
0.810000000000,   0.24000,
0.810200000000,   0.24000,
0.810400000000,   0.32000,
0.810600000000,   0.32000,
0.810800000000,   0.24000,
0.811000000000,   0.24000,
0.811200000000,   0.32000,
0.811400000000,   0.24000,
0.811600000000,   0.24000,
0.811800000000,   0.32000,
0.812000000000,   0.32000,
0.812200000000,   0.32000,
0.812400000000,   0.24000,
0.812600000000,   0.24000,
0.812800000000,   0.24000,
0.813000000000,   0.24000,
0.813200000000,   0.24000,
0.813400000000,   0.24000,
0.813600000000,   0.24000,
0.813800000000,   0.32000,
0.814000000000,   0.24000,
0.814200000000,   0.24000,
0.814400000000,   0.24000,
0.814600000000,   0.32000,
0.814800000000,   0.24000,
0.815000000000,   0.24000,
0.815200000000,   0.24000,
0.815400000000,   0.24000,
0.815600000000,   0.24000,
0.815800000000,   0.24000,
0.816000000000,   0.24000,
0.816200000000,   0.24000,
0.816400000000,   0.24000,
0.816600000000,   0.24000,
0.816800000000,   0.24000,
0.817000000000,   0.24000,
0.817200000000,   0.16000,
0.817400000000,   0.16000,
0.817600000000,   0.24000,
0.817800000000,   0.24000,
0.818000000000,   0.24000,
0.818200000000,   0.16000,
0.818400000000,   0.16000,
0.818600000000,   0.24000,
0.818800000000,   0.16000,
0.819000000000,   0.16000,
0.819200000000,   0.16000,
0.819400000000,   0.16000,
0.819600000000,   0.16000,
0.819800000000,   0.16000,
0.820000000000,   0.16000,
0.820200000000,   0.16000,
0.820400000000,   0.16000,
0.820600000000,   0.16000,
0.820800000000,   0.16000,
0.821000000000,   0.16000,
0.821200000000,   0.16000,
0.821400000000,   0.16000,
0.821600000000,   0.16000,
0.821800000000,   0.16000,
0.822000000000,   0.16000,
0.822200000000,   0.16000,
0.822400000000,   0.16000,
0.822600000000,   0.16000,
0.822800000000,   0.08000,
0.823000000000,   0.16000,
0.823200000000,   0.16000,
0.823400000000,   0.16000,
0.823600000000,   0.16000,
0.823800000000,   0.16000,
0.824000000000,   0.16000,
0.824200000000,   0.16000,
0.824400000000,   0.16000,
0.824600000000,   0.16000,
0.824800000000,   0.08000,
0.825000000000,   0.16000,
0.825200000000,   0.16000,
0.825400000000,   0.16000,
0.825600000000,   0.16000,
0.825800000000,   0.08000,
0.826000000000,   0.08000,
0.826200000000,   0.16000,
0.826400000000,   0.08000,
0.826600000000,   0.16000,
0.826800000000,   0.08000,
0.827000000000,   0.08000,
0.827200000000,   0.16000,
0.827400000000,   0.08000,
0.827600000000,   0.08000,
0.827800000000,   0.08000,
0.828000000000,   0.16000,
0.828200000000,   0.08000,
0.828400000000,   0.08000,
0.828600000000,   0.08000,
0.828800000000,   0.08000,
0.829000000000,   0.08000,
0.829200000000,   0.16000,
0.829400000000,   0.08000,
0.829600000000,   0.08000,
0.829800000000,   0.16000,
0.830000000000,   0.08000,
0.830200000000,   0.08000,
0.830400000000,   0.16000,
0.830600000000,   0.08000,
0.830800000000,   0.08000,
0.831000000000,   0.08000,
0.831200000000,   0.16000,
0.831400000000,   0.08000,
0.831600000000,   0.08000,
0.831800000000,   0.08000,
0.832000000000,   0.08000,
0.832200000000,   0.08000,
0.832400000000,   0.16000,
0.832600000000,   0.08000,
0.832800000000,   0.08000,
0.833000000000,   0.16000,
0.833200000000,   0.08000,
0.833400000000,   0.08000,
0.833600000000,   0.08000,
0.833800000000,   0.08000,
0.834000000000,   0.08000,
0.834200000000,   0.08000,
0.834400000000,   0.08000,
0.834600000000,   0.16000,
0.834800000000,   0.16000,
0.835000000000,   0.16000,
0.835200000000,   0.08000,
0.835400000000,   0.16000,
0.835600000000,   0.08000,
0.835800000000,   0.16000,
0.836000000000,   0.08000,
0.836200000000,   0.08000,
0.836400000000,   0.08000,
0.836600000000,   0.16000,
0.836800000000,   0.08000,
0.837000000000,   0.08000,
0.837200000000,   0.08000,
0.837400000000,   0.16000,
0.837600000000,   0.16000,
0.837800000000,   0.16000,
0.838000000000,   0.00000,
0.838200000000,   0.08000,
0.838400000000,   0.16000,
0.838600000000,   0.08000,
0.838800000000,   0.16000,
0.839000000000,   0.08000,
0.839200000000,   0.08000,
0.839400000000,   0.16000,
0.839600000000,   0.08000,
0.839800000000,   0.16000,
0.840000000000,   0.08000,
0.840200000000,   0.08000,
0.840400000000,   0.16000,
0.840600000000,   0.08000,
0.840800000000,   0.08000,
0.841000000000,   0.08000,
0.841200000000,   0.08000,
0.841400000000,   0.08000,
0.841600000000,   0.16000,
0.841800000000,   0.16000,
0.842000000000,   0.08000,
0.842200000000,   0.16000,
0.842400000000,   0.08000,
0.842600000000,   0.08000,
0.842800000000,   0.08000,
0.843000000000,   0.08000,
0.843200000000,   0.08000,
0.843400000000,   0.08000,
0.843600000000,   0.16000,
0.843800000000,   0.16000,
0.844000000000,   0.08000,
0.844200000000,   0.08000,
0.844400000000,   0.08000,
0.844600000000,   0.08000,
0.844800000000,   0.08000,
0.845000000000,   0.16000,
0.845200000000,   0.08000,
0.845400000000,   0.08000,
0.845600000000,   0.08000,
0.845800000000,   0.08000,
0.846000000000,   0.08000,
0.846200000000,   0.08000,
0.846400000000,   0.08000,
0.846600000000,   0.08000,
0.846800000000,   0.16000,
0.847000000000,   0.08000,
0.847200000000,   0.08000,
0.847400000000,   0.16000,
0.847600000000,   0.08000,
0.847800000000,   0.08000,
0.848000000000,   0.08000,
0.848200000000,   0.16000,
0.848400000000,   0.08000,
0.848600000000,   0.16000,
0.848800000000,   0.08000,
0.849000000000,   0.08000,
0.849200000000,   0.08000,
0.849400000000,   0.08000,
0.849600000000,   0.08000,
0.849800000000,   0.00000,
0.850000000000,   0.08000,
0.850200000000,   0.08000,
0.850400000000,   0.08000,
0.850600000000,   0.08000,
0.850800000000,   0.08000,
0.851000000000,   0.16000,
0.851200000000,   0.08000,
0.851400000000,   0.08000,
0.851600000000,   0.08000,
0.851800000000,   0.08000,
0.852000000000,   0.08000,
0.852200000000,   0.08000,
0.852400000000,   0.08000,
0.852600000000,   0.08000,
0.852800000000,   0.08000,
0.853000000000,   0.08000,
0.853200000000,   0.08000,
0.853400000000,   0.08000,
0.853600000000,   0.08000,
0.853800000000,   0.08000,
0.854000000000,   0.08000,
0.854200000000,   0.08000,
0.854400000000,   0.00000,
0.854600000000,   0.16000,
0.854800000000,   0.08000,
0.855000000000,   0.08000,
0.855200000000,   0.08000,
0.855400000000,   0.08000,
0.855600000000,   0.08000,
0.855800000000,   0.08000,
0.856000000000,   0.08000,
0.856200000000,   0.08000,
0.856400000000,   0.16000,
0.856600000000,   0.16000,
0.856800000000,   0.08000,
0.857000000000,   0.08000,
0.857200000000,   0.08000,
0.857400000000,   0.16000,
0.857600000000,   0.08000,
0.857800000000,   0.08000,
0.858000000000,   0.08000,
0.858200000000,   0.16000,
0.858400000000,   0.08000,
0.858600000000,   0.08000,
0.858800000000,   0.08000,
0.859000000000,   0.08000,
0.859200000000,   0.16000,
0.859400000000,   0.08000,
0.859600000000,   0.08000,
0.859800000000,   0.08000,
0.860000000000,   0.08000,
0.860200000000,   0.08000,
0.860400000000,   0.08000,
0.860600000000,   0.16000,
0.860800000000,   0.08000,
0.861000000000,   0.08000,
0.861200000000,   0.08000,
0.861400000000,   0.08000,
0.861600000000,   0.08000,
0.861800000000,   0.08000,
0.862000000000,   0.08000,
0.862200000000,   0.08000,
0.862400000000,   0.08000,
0.862600000000,   0.08000,
0.862800000000,   0.08000,
0.863000000000,   0.08000,
0.863200000000,   0.08000,
0.863400000000,   0.08000,
0.863600000000,   0.08000,
0.863800000000,   0.08000,
0.864000000000,   0.08000,
0.864200000000,   0.08000,
0.864400000000,   0.16000,
0.864600000000,   0.16000,
0.864800000000,   0.08000,
0.865000000000,   0.08000,
0.865200000000,   0.08000,
0.865400000000,   0.08000,
0.865600000000,   0.08000,
0.865800000000,   0.08000,
0.866000000000,   0.08000,
0.866200000000,   0.08000,
0.866400000000,   0.08000,
0.866600000000,   0.16000,
0.866800000000,   0.08000,
0.867000000000,   0.08000,
0.867200000000,   0.16000,
0.867400000000,   0.16000,
0.867600000000,   0.08000,
0.867800000000,   0.16000,
0.868000000000,   0.16000,
0.868200000000,   0.08000,
0.868400000000,   0.08000,
0.868600000000,   0.08000,
0.868800000000,   0.08000,
0.869000000000,   0.08000,
0.869200000000,   0.08000,
0.869400000000,   0.16000,
0.869600000000,   0.08000,
0.869800000000,   0.16000,
0.870000000000,   0.16000,
0.870200000000,   0.08000,
0.870400000000,   0.08000,
0.870600000000,   0.08000,
0.870800000000,   0.16000,
0.871000000000,   0.16000,
0.871200000000,   0.16000,
0.871400000000,   0.16000,
0.871600000000,   0.08000,
0.871800000000,   0.08000,
0.872000000000,   0.16000,
0.872200000000,   0.16000,
0.872400000000,   0.08000,
0.872600000000,   0.16000,
0.872800000000,   0.08000,
0.873000000000,   0.16000,
0.873200000000,   0.08000,
0.873400000000,   0.08000,
0.873600000000,   0.16000,
0.873800000000,   0.16000,
0.874000000000,   0.16000,
0.874200000000,   0.08000,
0.874400000000,   0.08000,
0.874600000000,   0.16000,
0.874800000000,   0.08000,
0.875000000000,   0.08000,
0.875200000000,   0.16000,
0.875400000000,   0.16000,
0.875600000000,   0.16000,
0.875800000000,   0.16000,
0.876000000000,   0.16000,
0.876200000000,   0.08000,
0.876400000000,   0.16000,
0.876600000000,   0.16000,
0.876800000000,   0.08000,
0.877000000000,   0.16000,
0.877200000000,   0.16000,
0.877400000000,   0.08000,
0.877600000000,   0.16000,
0.877800000000,   0.16000,
0.878000000000,   0.16000,
0.878200000000,   0.08000,
0.878400000000,   0.16000,
0.878600000000,   0.16000,
0.878800000000,   0.08000,
0.879000000000,   0.16000,
0.879200000000,   0.08000,
0.879400000000,   0.08000,
0.879600000000,   0.16000,
0.879800000000,   0.16000,
0.880000000000,   0.16000,
0.880200000000,   0.08000,
0.880400000000,   0.16000,
0.880600000000,   0.16000,
0.880800000000,   0.16000,
0.881000000000,   0.16000,
0.881200000000,   0.16000,
0.881400000000,   0.16000,
0.881600000000,   0.16000,
0.881800000000,   0.16000,
0.882000000000,   0.16000,
0.882200000000,   0.08000,
0.882400000000,   0.16000,
0.882600000000,   0.16000,
0.882800000000,   0.16000,
0.883000000000,   0.16000,
0.883200000000,   0.16000,
0.883400000000,   0.16000,
0.883600000000,   0.16000,
0.883800000000,   0.16000,
0.884000000000,   0.16000,
0.884200000000,   0.16000,
0.884400000000,   0.16000,
0.884600000000,   0.16000,
0.884800000000,   0.16000,
0.885000000000,   0.16000,
0.885200000000,   0.16000,
0.885400000000,   0.16000,
0.885600000000,   0.16000,
0.885800000000,   0.16000,
0.886000000000,   0.16000,
0.886200000000,   0.16000,
0.886400000000,   0.16000,
0.886600000000,   0.16000,
0.886800000000,   0.16000,
0.887000000000,   0.16000,
0.887200000000,   0.16000,
0.887400000000,   0.16000,
0.887600000000,   0.16000,
0.887800000000,   0.24000,
0.888000000000,   0.16000,
0.888200000000,   0.24000,
0.888400000000,   0.16000,
0.888600000000,   0.24000,
0.888800000000,   0.16000,
0.889000000000,   0.16000,
0.889200000000,   0.16000,
0.889400000000,   0.16000,
0.889600000000,   0.16000,
0.889800000000,   0.16000,
0.890000000000,   0.16000,
0.890200000000,   0.24000,
0.890400000000,   0.24000,
0.890600000000,   0.24000,
0.890800000000,   0.24000,
0.891000000000,   0.24000,
0.891200000000,   0.16000,
0.891400000000,   0.16000,
0.891600000000,   0.16000,
0.891800000000,   0.24000,
0.892000000000,   0.24000,
0.892200000000,   0.24000,
0.892400000000,   0.24000,
0.892600000000,   0.24000,
0.892800000000,   0.24000,
0.893000000000,   0.24000,
0.893200000000,   0.24000,
0.893400000000,   0.24000,
0.893600000000,   0.32000,
0.893800000000,   0.24000,
0.894000000000,   0.24000,
0.894200000000,   0.24000,
0.894400000000,   0.24000,
0.894600000000,   0.32000,
0.894800000000,   0.24000,
0.895000000000,   0.32000,
0.895200000000,   0.24000,
0.895400000000,   0.24000,
0.895600000000,   0.24000,
0.895800000000,   0.32000,
0.896000000000,   0.24000,
0.896200000000,   0.32000,
0.896400000000,   0.32000,
0.896600000000,   0.32000,
0.896800000000,   0.32000,
0.897000000000,   0.32000,
0.897200000000,   0.32000,
0.897400000000,   0.32000,
0.897600000000,   0.32000,
0.897800000000,   0.32000,
0.898000000000,   0.32000,
0.898200000000,   0.32000,
0.898400000000,   0.24000,
0.898600000000,   0.24000,
0.898800000000,   0.32000,
0.899000000000,   0.32000,
0.899200000000,   0.32000,
0.899400000000,   0.32000,
0.899600000000,   0.40000,
0.899800000000,   0.32000,
0.900000000000,   0.32000,
0.900200000000,   0.32000,
0.900400000000,   0.40000,
0.900600000000,   0.32000,
0.900800000000,   0.32000,
0.901000000000,   0.32000,
0.901200000000,   0.40000,
0.901400000000,   0.32000,
0.901600000000,   0.40000,
0.901800000000,   0.40000,
0.902000000000,   0.40000,
0.902200000000,   0.32000,
0.902400000000,   0.40000,
0.902600000000,   0.40000,
0.902800000000,   0.40000,
0.903000000000,   0.40000,
0.903200000000,   0.40000,
0.903400000000,   0.40000,
0.903600000000,   0.40000,
0.903800000000,   0.40000,
0.904000000000,   0.40000,
0.904200000000,   0.40000,
0.904400000000,   0.40000,
0.904600000000,   0.48000,
0.904800000000,   0.40000,
0.905000000000,   0.48000,
0.905200000000,   0.40000,
0.905400000000,   0.48000,
0.905600000000,   0.48000,
0.905800000000,   0.48000,
0.906000000000,   0.48000,
0.906200000000,   0.48000,
0.906400000000,   0.48000,
0.906600000000,   0.48000,
0.906800000000,   0.48000,
0.907000000000,   0.56000,
0.907200000000,   0.56000,
0.907400000000,   0.56000,
0.907600000000,   0.56000,
0.907800000000,   0.56000,
0.908000000000,   0.48000,
0.908200000000,   0.56000,
0.908400000000,   0.56000,
0.908600000000,   0.56000,
0.908800000000,   0.56000,
0.909000000000,   0.56000,
0.909200000000,   0.56000,
0.909400000000,   0.64000,
0.909600000000,   0.64000,
0.909800000000,   0.64000,
0.910000000000,   0.64000,
0.910200000000,   0.64000,
0.910400000000,   0.64000,
0.910600000000,   0.64000,
0.910800000000,   0.72000,
0.911000000000,   0.72000,
0.911200000000,   0.72000,
0.911400000000,   0.72000,
0.911600000000,   0.80000,
0.911800000000,   0.80000,
0.912000000000,   0.80000,
0.912200000000,   0.80000,
0.912400000000,   0.80000,
0.912600000000,   0.80000,
0.912800000000,   0.80000,
0.913000000000,   0.80000,
0.913200000000,   0.88000,
0.913400000000,   0.80000,
0.913600000000,   0.88000,
0.913800000000,   0.88000,
0.914000000000,   0.96000,
0.914200000000,   0.88000,
0.914400000000,   0.96000,
0.914600000000,   0.96000,
0.914800000000,   0.96000,
0.915000000000,   0.96000,
0.915200000000,   0.96000,
0.915400000000,   1.04000,
0.915600000000,   1.04000,
0.915800000000,   1.12000,
0.916000000000,   1.20000,
0.916200000000,   1.12000,
0.916400000000,   1.20000,
0.916600000000,   1.20000,
0.916800000000,   1.20000,
0.917000000000,   1.20000,
0.917200000000,   1.20000,
0.917400000000,   1.28000,
0.917600000000,   1.28000,
0.917800000000,   1.28000,
0.918000000000,   1.28000,
0.918200000000,   1.28000,
0.918400000000,   1.36000,
0.918600000000,   1.44000,
0.918800000000,   1.52000,
0.919000000000,   1.52000,
0.919200000000,   1.52000,
0.919400000000,   1.52000,
0.919600000000,   1.60000,
0.919800000000,   1.60000,
0.920000000000,   1.68000,
0.920200000000,   1.76000,
0.920400000000,   1.76000,
0.920600000000,   1.84000,
0.920800000000,   1.84000,
0.921000000000,   1.92000,
0.921200000000,   2.00000,
0.921400000000,   2.00000,
0.921600000000,   2.00000,
0.921800000000,   2.00000,
0.922000000000,   2.08000,
0.922200000000,   2.16000,
0.922400000000,   2.16000,
0.922600000000,   2.24000,
0.922800000000,   2.32000,
0.923000000000,   2.48000,
0.923200000000,   2.56000,
0.923400000000,   2.56000,
0.923600000000,   2.64000,
0.923800000000,   2.64000,
0.924000000000,   2.72000,
0.924200000000,   2.72000,
0.924400000000,   2.80000,
0.924600000000,   2.88000,
0.924800000000,   2.96000,
0.925000000000,   3.04000,
0.925200000000,   3.20000,
0.925400000000,   3.28000,
0.925600000000,   3.36000,
0.925800000000,   3.44000,
0.926000000000,   3.44000,
0.926200000000,   3.52000,
0.926400000000,   3.60000,
0.926600000000,   3.68000,
0.926800000000,   3.68000,
0.927000000000,   3.84000,
0.927200000000,   3.92000,
0.927400000000,   3.92000,
0.927600000000,   4.00000,
0.927800000000,   4.08000,
0.928000000000,   4.16000,
0.928200000000,   4.24000,
0.928400000000,   4.32000,
0.928600000000,   4.32000,
0.928800000000,   4.40000,
0.929000000000,   4.56000,
0.929200000000,   4.56000,
0.929400000000,   4.64000,
0.929600000000,   4.72000,
0.929800000000,   4.72000,
0.930000000000,   4.80000,
0.930200000000,   4.88000,
0.930400000000,   4.96000,
0.930600000000,   5.04000,
0.930800000000,   5.12000,
0.931000000000,   5.12000,
0.931200000000,   5.28000,
0.931400000000,   5.28000,
0.931600000000,   5.36000,
0.931800000000,   5.36000,
0.932000000000,   5.44000,
0.932200000000,   5.52000,
0.932400000000,   5.52000,
0.932600000000,   5.52000,
0.932800000000,   5.60000,
0.933000000000,   5.60000,
0.933200000000,   5.76000,
0.933400000000,   5.84000,
0.933600000000,   5.76000,
0.933800000000,   5.84000,
0.934000000000,   5.84000,
0.934200000000,   5.76000,
0.934400000000,   5.76000,
0.934600000000,   5.84000,
0.934800000000,   5.92000,
0.935000000000,   5.84000,
0.935200000000,   5.84000,
0.935400000000,   5.84000,
0.935600000000,   5.84000,
0.935800000000,   5.76000,
0.936000000000,   5.76000,
0.936200000000,   5.68000,
0.936400000000,   5.60000,
0.936600000000,   5.60000,
0.936800000000,   5.52000,
0.937000000000,   5.44000,
0.937200000000,   5.52000,
0.937400000000,   5.44000,
0.937600000000,   5.36000,
0.937800000000,   5.28000,
0.938000000000,   5.20000,
0.938200000000,   5.04000,
0.938400000000,   4.96000,
0.938600000000,   4.96000,
0.938800000000,   4.88000,
0.939000000000,   4.80000,
0.939200000000,   4.64000,
0.939400000000,   4.56000,
0.939600000000,   4.56000,
0.939800000000,   4.40000,
0.940000000000,   4.24000,
0.940200000000,   4.24000,
0.940400000000,   4.16000,
0.940600000000,   4.00000,
0.940800000000,   3.92000,
0.941000000000,   3.76000,
0.941200000000,   3.68000,
0.941400000000,   3.52000,
0.941600000000,   3.44000,
0.941800000000,   3.44000,
0.942000000000,   3.28000,
0.942200000000,   3.20000,
0.942400000000,   3.12000,
0.942600000000,   3.04000,
0.942800000000,   2.96000,
0.943000000000,   2.88000,
0.943200000000,   2.80000,
0.943400000000,   2.64000,
0.943600000000,   2.56000,
0.943800000000,   2.40000,
0.944000000000,   2.32000,
0.944200000000,   2.16000,
0.944400000000,   2.24000,
0.944600000000,   2.16000,
0.944800000000,   2.16000,
0.945000000000,   2.16000,
0.945200000000,   2.08000,
0.945400000000,   1.92000,
0.945600000000,   1.84000,
0.945800000000,   1.76000,
0.946000000000,   1.76000,
0.946200000000,   1.60000,
0.946400000000,   1.60000,
0.946600000000,   1.52000,
0.946800000000,   1.52000,
0.947000000000,   1.44000,
0.947200000000,   1.36000,
0.947400000000,   1.28000,
0.947600000000,   1.28000,
0.947800000000,   1.20000,
0.948000000000,   1.20000,
0.948200000000,   1.20000,
0.948400000000,   1.12000,
0.948600000000,   1.12000,
0.948800000000,   1.04000,
0.949000000000,   1.04000,
0.949200000000,   0.96000,
0.949400000000,   0.96000,
0.949600000000,   0.88000,
0.949800000000,   0.88000,
0.950000000000,   0.80000,
0.950200000000,   0.80000,
0.950400000000,   0.88000,
0.950600000000,   0.80000,
0.950800000000,   0.80000,
0.951000000000,   0.80000,
0.951200000000,   0.72000,
0.951400000000,   0.72000,
0.951600000000,   0.72000,
0.951800000000,   0.72000,
0.952000000000,   0.64000,
0.952200000000,   0.64000,
0.952400000000,   0.64000,
0.952600000000,   0.64000,
0.952800000000,   0.64000,
0.953000000000,   0.64000,
0.953200000000,   0.64000,
0.953400000000,   0.64000,
0.953600000000,   0.56000,
0.953800000000,   0.64000,
0.954000000000,   0.64000,
0.954200000000,   0.64000,
0.954400000000,   0.56000,
0.954600000000,   0.56000,
0.954800000000,   0.56000,
0.955000000000,   0.56000,
0.955200000000,   0.56000,
0.955400000000,   0.48000,
0.955600000000,   0.56000,
0.955800000000,   0.56000,
0.956000000000,   0.48000,
0.956200000000,   0.64000,
0.956400000000,   0.56000,
0.956600000000,   0.56000,
0.956800000000,   0.48000,
0.957000000000,   0.48000,
0.957200000000,   0.48000,
0.957400000000,   0.48000,
0.957600000000,   0.48000,
0.957800000000,   0.48000,
0.958000000000,   0.48000,
0.958200000000,   0.48000,
0.958400000000,   0.48000,
0.958600000000,   0.48000,
0.958800000000,   0.40000,
0.959000000000,   0.40000,
0.959200000000,   0.40000,
0.959400000000,   0.40000,
0.959600000000,   0.40000,
0.959800000000,   0.40000,
0.960000000000,   0.32000,
0.960200000000,   0.40000,
0.960400000000,   0.40000,
0.960600000000,   0.32000,
0.960800000000,   0.40000,
0.961000000000,   0.40000,
0.961200000000,   0.40000,
0.961400000000,   0.32000,
0.961600000000,   0.32000,
0.961800000000,   0.32000,
0.962000000000,   0.32000,
0.962200000000,   0.32000,
0.962400000000,   0.32000,
0.962600000000,   0.40000,
0.962800000000,   0.32000,
0.963000000000,   0.32000,
0.963200000000,   0.40000,
0.963400000000,   0.24000,
0.963600000000,   0.32000,
0.963800000000,   0.24000,
0.964000000000,   0.24000,
0.964200000000,   0.32000,
0.964400000000,   0.32000,
0.964600000000,   0.32000,
0.964800000000,   0.32000,
0.965000000000,   0.32000,
0.965200000000,   0.32000,
0.965400000000,   0.24000,
0.965600000000,   0.32000,
0.965800000000,   0.24000,
0.966000000000,   0.24000,
0.966200000000,   0.24000,
0.966400000000,   0.24000,
0.966600000000,   0.24000,
0.966800000000,   0.24000,
0.967000000000,   0.24000,
0.967200000000,   0.24000,
0.967400000000,   0.32000,
0.967600000000,   0.24000,
0.967800000000,   0.24000,
0.968000000000,   0.24000,
0.968200000000,   0.24000,
0.968400000000,   0.24000,
0.968600000000,   0.24000,
0.968800000000,   0.24000,
0.969000000000,   0.16000,
0.969200000000,   0.24000,
0.969400000000,   0.24000,
0.969600000000,   0.24000,
0.969800000000,   0.24000,
0.970000000000,   0.24000,
0.970200000000,   0.24000,
0.970400000000,   0.24000,
0.970600000000,   0.24000,
0.970800000000,   0.24000,
0.971000000000,   0.16000,
0.971200000000,   0.24000,
0.971400000000,   0.16000,
0.971600000000,   0.16000,
0.971800000000,   0.16000,
0.972000000000,   0.16000,
0.972200000000,   0.16000,
0.972400000000,   0.24000,
0.972600000000,   0.16000,
0.972800000000,   0.16000,
0.973000000000,   0.16000,
0.973200000000,   0.16000,
0.973400000000,   0.16000,
0.973600000000,   0.24000,
0.973800000000,   0.24000,
0.974000000000,   0.16000,
0.974200000000,   0.16000,
0.974400000000,   0.16000,
0.974600000000,   0.16000,
0.974800000000,   0.24000,
0.975000000000,   0.16000,
0.975200000000,   0.16000,
0.975400000000,   0.16000,
0.975600000000,   0.16000,
0.975800000000,   0.24000,
0.976000000000,   0.16000,
0.976200000000,   0.16000,
0.976400000000,   0.16000,
0.976600000000,   0.16000,
0.976800000000,   0.16000,
0.977000000000,   0.16000,
0.977200000000,   0.16000,
0.977400000000,   0.16000,
0.977600000000,   0.16000,
0.977800000000,   0.08000,
0.978000000000,   0.16000,
0.978200000000,   0.16000,
0.978400000000,   0.16000,
0.978600000000,   0.16000,
0.978800000000,   0.16000,
0.979000000000,   0.16000,
0.979200000000,   0.16000,
0.979400000000,   0.08000,
0.979600000000,   0.16000,
0.979800000000,   0.16000,
0.980000000000,   0.16000,
0.980200000000,   0.16000,
0.980400000000,   0.16000,
0.980600000000,   0.16000,
0.980800000000,   0.16000,
0.981000000000,   0.16000,
0.981200000000,   0.16000,
0.981400000000,   0.16000,
0.981600000000,   0.16000,
0.981800000000,   0.16000,
0.982000000000,   0.16000,
0.982200000000,   0.16000,
0.982400000000,   0.16000,
0.982600000000,   0.16000,
0.982800000000,   0.16000,
0.983000000000,   0.16000,
0.983200000000,   0.16000,
0.983400000000,   0.16000,
0.983600000000,   0.16000,
0.983800000000,   0.16000,
0.984000000000,   0.16000,
0.984200000000,   0.16000,
0.984400000000,   0.16000,
0.984600000000,   0.16000,
0.984800000000,   0.16000,
0.985000000000,   0.16000,
0.985200000000,   0.16000,
0.985400000000,   0.16000,
0.985600000000,   0.16000,
0.985800000000,   0.16000,
0.986000000000,   0.16000,
0.986200000000,   0.16000,
0.986400000000,   0.16000,
0.986600000000,   0.16000,
0.986800000000,   0.16000,
0.987000000000,   0.16000,
0.987200000000,   0.16000,
0.987400000000,   0.16000,
0.987600000000,   0.16000,
0.987800000000,   0.16000,
0.988000000000,   0.16000,
0.988200000000,   0.16000,
0.988400000000,   0.16000,
0.988600000000,   0.16000,
0.988800000000,   0.24000,
0.989000000000,   0.16000,
0.989200000000,   0.16000,
0.989400000000,   0.16000,
0.989600000000,   0.24000,
0.989800000000,   0.16000,
0.990000000000,   0.16000,
0.990200000000,   0.16000,
0.990400000000,   0.16000,
0.990600000000,   0.16000,
0.990800000000,   0.16000,
0.991000000000,   0.16000,
0.991200000000,   0.24000,
0.991400000000,   0.16000,
0.991600000000,   0.16000,
0.991800000000,   0.16000,
0.992000000000,   0.16000,
0.992200000000,   0.16000,
0.992400000000,   0.16000,
0.992600000000,   0.16000,
0.992800000000,   0.24000,
0.993000000000,   0.16000,
0.993200000000,   0.16000,
0.993400000000,   0.24000,
0.993600000000,   0.24000,
0.993800000000,   0.16000,
0.994000000000,   0.16000,
0.994200000000,   0.16000,
0.994400000000,   0.16000,
0.994600000000,   0.24000,
0.994800000000,   0.16000,
0.995000000000,   0.24000,
0.995200000000,   0.16000,
0.995400000000,   0.16000,
0.995600000000,   0.16000,
0.995800000000,   0.24000,
0.996000000000,   0.16000,
0.996200000000,   0.16000,
0.996400000000,   0.24000,
0.996600000000,   0.16000,
0.996800000000,   0.24000,
0.997000000000,   0.16000,
0.997200000000,   0.24000,
0.997400000000,   0.24000,
0.997600000000,   0.24000,
0.997800000000,   0.24000,
0.998000000000,   0.24000,
0.998200000000,   0.24000,
0.998400000000,   0.24000,
0.998600000000,   0.24000,
0.998800000000,   0.24000,
0.999000000000,   0.16000,
0.999200000000,   0.24000,
0.999400000000,   0.24000,
0.999600000000,   0.16000,
0.999800000000,   0.24000,
1.000000000000,   0.24000,
1.000200000000,   0.24000,
1.000400000000,   0.24000,
1.000600000000,   0.24000,
1.000800000000,   0.24000,
1.001000000000,   0.24000,
1.001200000000,   0.24000,
1.001400000000,   0.24000,
1.001600000000,   0.24000,
1.001800000000,   0.24000,
1.002000000000,   0.24000,
1.002200000000,   0.24000,
1.002400000000,   0.32000,
1.002600000000,   0.32000,
1.002800000000,   0.32000,
1.003000000000,   0.32000,
1.003200000000,   0.24000,
1.003400000000,   0.32000,
1.003600000000,   0.32000,
1.003800000000,   0.24000,
1.004000000000,   0.24000,
1.004200000000,   0.32000,
1.004400000000,   0.24000,
1.004600000000,   0.24000,
1.004800000000,   0.32000,
1.005000000000,   0.32000,
1.005200000000,   0.32000,
1.005400000000,   0.24000,
1.005600000000,   0.32000,
1.005800000000,   0.40000,
1.006000000000,   0.32000,
1.006200000000,   0.24000,
1.006400000000,   0.32000,
1.006600000000,   0.32000,
1.006800000000,   0.32000,
1.007000000000,   0.32000,
1.007200000000,   0.32000,
1.007400000000,   0.32000,
1.007600000000,   0.32000,
1.007800000000,   0.40000,
1.008000000000,   0.32000,
1.008200000000,   0.32000,
1.008400000000,   0.32000,
1.008600000000,   0.40000,
1.008800000000,   0.32000,
1.009000000000,   0.32000,
1.009200000000,   0.40000,
1.009400000000,   0.32000,
1.009600000000,   0.32000,
1.009800000000,   0.40000,
1.010000000000,   0.40000,
1.010200000000,   0.40000,
1.010400000000,   0.40000,
1.010600000000,   0.40000,
1.010800000000,   0.40000,
1.011000000000,   0.32000,
1.011200000000,   0.40000,
1.011400000000,   0.40000,
1.011600000000,   0.40000,
1.011800000000,   0.48000,
1.012000000000,   0.40000,
1.012200000000,   0.48000,
1.012400000000,   0.40000,
1.012600000000,   0.40000,
1.012800000000,   0.48000,
1.013000000000,   0.40000,
1.013200000000,   0.48000,
1.013400000000,   0.48000,
1.013600000000,   0.48000,
1.013800000000,   0.48000,
1.014000000000,   0.48000,
1.014200000000,   0.48000,
1.014400000000,   0.48000,
1.014600000000,   0.48000,
1.014800000000,   0.48000,
1.015000000000,   0.48000,
1.015200000000,   0.56000,
1.015400000000,   0.56000,
1.015600000000,   0.56000,
1.015800000000,   0.56000,
1.016000000000,   0.56000,
1.016200000000,   0.56000,
1.016400000000,   0.56000,
1.016600000000,   0.56000,
1.016800000000,   0.56000,
1.017000000000,   0.56000,
1.017200000000,   0.56000,
1.017400000000,   0.64000,
1.017600000000,   0.64000,
1.017800000000,   0.56000,
1.018000000000,   0.64000,
1.018200000000,   0.64000,
1.018400000000,   0.56000,
1.018600000000,   0.56000,
1.018800000000,   0.64000,
1.019000000000,   0.64000,
1.019200000000,   0.64000,
1.019400000000,   0.64000,
1.019600000000,   0.72000,
1.019800000000,   0.64000,
1.020000000000,   0.72000,
1.020200000000,   0.72000,
1.020400000000,   0.64000,
1.020600000000,   0.64000,
1.020800000000,   0.64000,
1.021000000000,   0.72000,
1.021200000000,   0.72000,
1.021400000000,   0.72000,
1.021600000000,   0.80000,
1.021800000000,   0.72000,
1.022000000000,   0.80000,
1.022200000000,   0.80000,
1.022400000000,   0.88000,
1.022600000000,   0.80000,
1.022800000000,   0.88000,
1.023000000000,   0.88000,
1.023200000000,   0.96000,
1.023400000000,   0.96000,
1.023600000000,   1.04000,
1.023800000000,   0.96000,
1.024000000000,   1.04000,
1.024200000000,   1.04000,
1.024400000000,   1.12000,
1.024600000000,   1.12000,
1.024800000000,   1.20000,
1.025000000000,   1.28000,
1.025200000000,   1.28000,
1.025400000000,   1.28000,
1.025600000000,   1.36000,
1.025800000000,   1.28000,
1.026000000000,   1.28000,
1.026200000000,   1.44000,
1.026400000000,   1.44000,
1.026600000000,   1.52000,
1.026800000000,   1.60000,
1.027000000000,   1.68000,
1.027200000000,   1.68000,
1.027400000000,   1.76000,
1.027600000000,   1.76000,
1.027800000000,   1.84000,
1.028000000000,   1.84000,
1.028200000000,   1.92000,
1.028400000000,   1.92000,
1.028600000000,   2.08000,
1.028800000000,   2.16000,
1.029000000000,   2.16000,
1.029200000000,   2.32000,
1.029400000000,   2.40000,
1.029600000000,   2.40000,
1.029800000000,   2.48000,
1.030000000000,   2.56000,
1.030200000000,   2.56000,
1.030400000000,   2.56000,
1.030600000000,   2.72000,
1.030800000000,   2.72000,
1.031000000000,   2.80000,
1.031200000000,   2.88000,
1.031400000000,   2.96000,
1.031600000000,   3.12000,
1.031800000000,   3.20000,
1.032000000000,   3.36000,
1.032200000000,   3.44000,
1.032400000000,   3.52000,
1.032600000000,   3.68000,
1.032800000000,   3.60000,
1.033000000000,   3.60000,
1.033200000000,   3.68000,
1.033400000000,   3.68000,
1.033600000000,   3.84000,
1.033800000000,   4.00000,
1.034000000000,   4.24000,
1.034200000000,   4.40000,
1.034400000000,   4.56000,
1.034600000000,   4.56000,
1.034800000000,   4.48000,
1.035000000000,   4.40000,
1.035200000000,   4.32000,
1.035400000000,   4.40000,
1.035600000000,   4.56000,
1.035800000000,   4.72000,
1.036000000000,   4.88000,
1.036200000000,   5.04000,
1.036400000000,   5.20000,
1.036600000000,   5.28000,
1.036800000000,   5.36000,
1.037000000000,   5.28000,
1.037200000000,   5.28000,
1.037400000000,   5.28000,
1.037600000000,   5.20000,
1.037800000000,   5.36000,
1.038000000000,   5.44000,
1.038200000000,   5.52000,
1.038400000000,   5.60000,
1.038600000000,   5.76000,
1.038800000000,   5.76000,
1.039000000000,   5.76000,
1.039200000000,   5.68000,
1.039400000000,   5.76000,
1.039600000000,   5.76000,
1.039800000000,   5.84000,
1.040000000000,   5.84000,
1.040200000000,   5.92000,
1.040400000000,   5.84000,
1.040600000000,   5.84000,
1.040800000000,   5.84000,
1.041000000000,   5.84000,
1.041200000000,   5.84000,
1.041400000000,   5.76000,
1.041600000000,   5.84000,
1.041800000000,   5.76000,
